,aa_seq,aa_len,SSP
AP00085,MSYQQGSSPAGAAGYPAARQQQQQQAYVAPPPPPGYPQVQDEQQQYPAGAGAGAETTSRGHHHHHHGGGGGFWKGCCAALCCCCLLDACF,90,FALSE
AP00652,MSYYNRQQAPVAYPPPPTSYPSAAPGQACPPPMAQPYYPPQVQGPYVVPPPVAYPMKDEVPPPPKRRGSGFCKGCCAALCCCCLLDCCCF,90,FALSE
AP00714,MYIKQSGCLFFKSVAVAYPAPPPSYPAVEEVKESNSGPYVAAPPPVGYPVRDGPQYPHQTFTPQTQSKGDGFWKGCVAALCCCWVLDCVF,90,FALSE
AP00269,VGQTPMTQAGGQCYLPTTCLLHSYLQLLSSYKMDSKFSTASKQLQVSESSFSTRSMKGRSWQRCSKQIREQRARLYIVWRCTVLLLCWHD,90,FALSE
AP00765,MAATLSASSSAPPSFYFDDKWKFSKKESSSKSRSSSSSYSSSPSSFMMKNPSSCSSKRSAFTRKCARLVKEQRARFYIMRRCVTMLICWHD,91,FALSE
AP01325,MASSMSTCSSCRMMEGAPAPLYFDEKWKLSTKKETCSSTSSSSQHMRNKNNNNKCAFATKCARLVKEQRARFYIMRRCVTMLICWREYSDS,91,FALSE
AP02409,MASSTSTSSTCSSSSESTTPPLYFDEKWKLSKKEGSSRSRSSTTPLMKDSTQKKCAFARKCARLVKEQRARFYIMRRCVIMLICWREYSDS,91,FALSE
AP00263,MDFTRLFKQHKMSSNQQQHGEQPYPPQSYPPTGQAEAYTMPPPIGYPMRDGAAYPPQQSAPVETKSRGDGDGFWKGCCAALCCCCVLDCCL,91,FALSE
AP02481,MDPPGGDDKWKLSSKGRSRSGRPHAMTDASSSSAGGSSSVLSRSYSASQQQQRQPQQGSKKKCVAEAVKEHRARFYIVRRCVSMLVCWRDY,91,FALSE
AP00613,MFSTTALSLFLYGVKIRRIYTLIHQFMAVKESNTSQNIQQQEQQQQQQQQEACEPCKSFGQKCSHLVKKQRAKFYILRRCIAMLLCWHEKN,91,FALSE
AP02546,MRIRKKAEERKPEDDKTFYPEKFLKLLTQEENSNRNSLEKRKETMENSTSTEKHAKIQPPKSRILKEKRAKLYIIRRCIVMLLCWKENGDQ,91,FALSE
AP01449,MSDHHHSPPPQGIPPPYPPPDFQPPPVPAPPPPGYQSYFYEGPPPPPPPSHAYHVRHDHGGSSGCCSFLRGCLAALCCCCVWEECCCCCCL,91,FALSE
AP02359,MSNQGYYQQGPPQGGYYPQQPQQAYGQYPQQGYGPPPQGMYQQQQPQQVVVREKKDRGCLGACLAALCCCFVCEEGCECCADCCECFADCC,91,FALSE
AP01652,MTSISSSAAAAAAAAVPSPFYMEEKWKLPKKGAPARTRSSSSSCPLMRNSSDRRCSFTRKCAKLVKEQRARFYIMRRCVTMLICWHNYNDS,91,FALSE
AP00452,MADQYQQQPYGPPQPGYGGPQQYGPPQPGYGGPPQGGYYPQAPPQQMQYQQAPPPEEKKDHGCLYGCIATMCCCWLCGETCECCLECLTCCF,92,FALSE
AP00867,MASLDTATAAAPFYFDEKWKLSKKEQPPRSASRGSSSGGFPAQPTKSGSSARHRRCSFTRKCARLVREQRARFYIMRRCVTMLICWHDYGDS,92,FALSE
AP00197,MASSGVVVVNPPPSFYLDEKWKLSKKESLSRSRSSSFPLVKNNSSSSSSAASRRRCSFTRKCARLVKEQRARFYIMRRCVTMLICWRDYSDS,92,FALSE
AP00056,MASSLTTTCSTSPPPTFYLDEKWKLSKKETSSSSSSSSSRRSRSSFIVKNSSNKRCAFTRKCARLVKEQRARFYIMRRCVTMLICWRDYTDS,92,FALSE
AP00536,MELAAITSASASVCSTAYRNLSTSPADDTGTPLPSSSSSSELQTPSQRRKRMKPAELRRRCYAVLKQQRTRLYILRRCVSMLLCWHEHDLSD,92,FALSE
AP00543,MELPAASVPHSVCTAYSNLVTTTAAQHRRSRPPPPRRPRQGSCCAMLKQHKTRLYILGRCPSPVSRHSVAAAASGSMSLNGGGIAGLLPRPR,92,FALSE
AP00704,MSYYDSKPQPAPVIAPPPQGYGGYPPPGYTAQGYPQPPPPPQVIYQPPPPPPPPTETQSKSKSNNGCLQGCLAGLCCCCCMEICF,85,FALSE
AP01246,MSYYNQPPPPSGPYPPGPYPKDAYPPPAAYPPPGYAQQYPPLPAYAPPPPVIQPPPPPHQDQKNVGFLEGCLAALCCCCLLDACF,85,FALSE
AP02149,MYGGGSCSRSSSWDDDKMMWTTTTKLPKHKGGGATGRRHGGGEEAKGKLRRSVSMGGRLASAAREQRARLYIMRRCVSMLVRWKD,85,FALSE
AP02169,MAFNVVSAIKENDSTASTTTTIAGTISATTTASFNDNVNEECDKSGCRRGRPFGKKCSHLLKKQRTKFYILRRCITLLLCWHERDS,86,FALSE
AP01236,MAILLPLKRVTVGRAIASKPTVHPRHRAVTINRRTFHPKIARPLRFNPPPQTVIIQQQAPAKNNDDACCWGCLAACCICCALDALC,86,FALSE
AP01408,MAISGELFLDEKWKLSRKEGSRSAASGLIRRVSFSSKSRASSDEQSRRCGFTRKCASLVKEQRARFYIMRRCVTMLICWRDNLSDS,86,FALSE
AP01604,MASQSYYQQPPPQGYPPQGYPPPQGYPPQGPPPQMQYPQQPPPPQTVIVQEKKDRGCLYACLATLCCCFLCEETCECCVECLDCCF,86,FALSE
AP02656,MEEAKWKLSKNDPCTRSCSSSGLSQKKSGAASMRRSSSQRTTAGGGGNNFTRKCSNMAKEQKAKFYIVKRCIGMLLHWNKHRDSDS,86,FALSE
AP01671,MEIYMDEKWKLSKKEGRSSCSESRRVTVAEGGGPLLKGSASTKEGRRTTTPRSFSSRCASLVKEQRARFYIMRRCVTMLICWRDYP,86,FALSE
AP00850,MEKQNCSSNKMETAATKQQQKKVVGVESRPGNCKMDQKGDGRSKRKELRRSASLPVRVASAAREQRARLYIMRRCVSMLVASCWNK,86,FALSE
AP01907,MENKGYGYPYGAQGYPPQGYPQGYPPQGYPPQQQQFYQQGPVMAPPAYQQAPPPRNRGFLEGCLAALCCCCLLDECCCDPSVILVT,86,FALSE
AP01167,MNSTSFQGLENQKTSESFWYKEEEEVQRDSRLVKDCKRLIEKWSFSQKNPSIGKKCTSIAKEHRARFYIMRRCVAMLVCWHKHGDS,86,FALSE
AP02528,MPSSTCGSTETAPPPPLYLNNEKNNLSNKQTSSSSSTSPLMKNNSSTQKKCAFARKCARLVKEQRARFYIMRRCVIMLICWHEYSE,86,FALSE
AP01674,MSQQQYYQQQQNQYQPPYGAPPPQQYGNAQYGQNQYQYHQPQYAQQPMYVQQPAPQKDNGCGAGACGCYGACLAALCVCCAADALF,86,FALSE
AP02084,MSQYRNQEISMGYPAPPPSYAAGEQAKEGKSGPYVAAPPPVGYPVRDGPQYPHQTNFDAQTQSRGDGFWKGCCAALCCCWVLDCIF,86,FALSE
AP01791,MSYQAPPPGTAAYPPPGTAYPPPGQQAYPPPGHGAPAPVAADYPPKDYGAYQQPPPPPPDTQSRGDGFWKGCCAALCCCCLLDMCF,86,FALSE
AP02612,MVRRRPLHLYLERERKTLRNTKDKLVFFLPKSFDRYILKMKMGSSQRMGGSKRRVSSKGLGAVLKEQRAKLYIIRRCVVMLLCWHD,86,FALSE
AP01414,TRRANNSYSEKNPNPSSFSLHFLWVLGFWCMREGERMGGANSSTSAVRTSLKLRSWQRCCSKHIREQRARLYLIWRCTVMLICWQD,86,FALSE
AP01641,MAYPLLCHYIKAPHSSFPLIPHTSHYILQLVYLHLFHPLPCTQHSHQTMKIEGRRGQMGRLNRAFREKRARFYIFRRCVIMLLRWSD,87,FALSE
AP01769,MCLTHTHAQMGQCASTTTTSKAVLCHVTMKTRKRTEVKTNRHHREEGGVIKRNNLGWFATVREKRSRCYIVRRCILMLILWHKYGKI,87,FALSE
AP01268,MEAMESRAEDQGVKRREPCKKRIGRTAGAGSEAGNGSRHQASCSPPPAPSSSFPRRCARLVKEQRARLYIVRRCITMLACWRDVDYL,87,FALSE
AP00091,MLHFSPEKRARFYILRRCIAML,22,FALSE
AP00408,MEKRFGKWKRMLRQMRGRLCIMRICITMLLCWDKYS,36,FALSE
AP00097,MGKRFGKWRRMVKQLRGKLYIMRVCITMLLCWDDKYS,37,FALSE
AP01418,MKLGSQRRRAGFSKAIKEKRSRLYIMSRCVIMLIRWC,37,FALSE
AP01380,MLLHMRMRRRLGRFLKEQRGRLYIMRRCVIILLCWHD,37,FALSE
AP01376,MSEKGGRGSLVKELQARIYIARRCVTMLLCWYIHEDD,37,FALSE
AP00854,MTERKESSKLGKHRSCVKQQKGKLYIIKLCITMLICG,37,FALSE
AP01437,MELGSQRRGGGFSKVIKEQRSRLYIISRCVVMLLRWHD,38,FALSE
AP02015,MKLGSQKRREGFSKALKEQRSRLYIISRCIVMLIRWHD,38,FALSE
AP01997,MRSSKIWLWQQCSKQIREQRARLYIIWRCAVMLLCWHD,38,FALSE
AP00509,MIWDFFNLSAQENHEKGGVSSCSYSLAALCCCCLLDACF,39,FALSE
AP01613,MKIGARDLKLKGLKRALEEQKARLYIIRQCVAILMTWHH,39,FALSE
AP00276,MKISARNLKLKGLKRALKEQKVRLYIIRRCVTILISRHD,39,FALSE
AP02118,MKMGTHDLKLKGLKRALKEQKARLYIIHRCLAMLMTWHD,39,FALSE
AP01318,MKVGSQVKQMGKLNKALKEQRVKLYIIRRCVVMLLRWSD,39,FALSE
AP00531,MMKKPRGSGGRGLSKVVREHKARLYIIRRCVVMLLCWHD,39,FALSE
AP02267,MRMGGHDLKLKGLKRALRQQQARLYIIRRCVVMLITRSD,39,FALSE
AP00193,MAERKETSKLGKLRSSVRQQKGKLYIIKMCIAMLICGGPN,40,FALSE
AP01916,MEDTKKKTPCSKKLGGYLREQKGRLYIIRRCVVMLICWRD,40,FALSE
AP02493,MGSVRSQGKQGGRVSRALKEHRARLYIIRRCIVMLLCWHD,40,FALSE
AP00439,MKLMGRRQGGGGGLSRSLKEHRARLYIIQRCVVMLLRWHD,40,FALSE
AP00234,MNKSRCQDKHRGGLRRMIREHKTRLYIIRRCIVMLLCHHD,40,FALSE
AP02279,MQQQQQPIYVQQAPPTSNNDDCMTACLAALCVCCTLDMLF,40,FALSE
AP02004,MKLIGSGSGSGGQRRGIARALKEHKARLYIIRRCVVMLLRC,41,FALSE
AP02865,MKMKVGMRQQRGGQGFSRSLKEQRSRMYIVMRCVVMLLRSHD,42,FALSE
AP00991,MMKTATASQEKNGRRDIGRMLKEHKSRLYIIRRCVVMLLCHRD,43,FALSE
AP02095,MSKPRSCQAKQRGGGGLGRVLREHRARLYIIRRCVAMLLCHHD,43,FALSE
AP00222,MSSQGRASQRGGGGGGLSRMVREQKARMYIIRRCVVMLLCWHD,43,FALSE
AP00691,MGGSKSKRTTRLSSNIGLGGVLREQRARLYIIRRCVVMLLCWHE,44,FALSE
AP02238,MKISISSGGKKRISSRGLSGVFREQRAKLYIIRRCVVMLLCYHD,44,FALSE
AP02005,MKLGSQRKVSQRGGGGGLGRALREQKARLYIIRRCVVMLLCWHD,44,FALSE
AP00914,MKMWETRDRSGRISKLRWWDWCKEQRTRAYIIWRCLLFLLQWED,44,FALSE
AP02278,MKNGAMRGSKRRYEQKGNGGFLKEKRGRFYIIRRCIAMLLCWRD,44,FALSE
AP01758,MKNGNIGGSKRKLPCKGLSGFLKEGRGRLYIFRRCIIMLLCWHD,44,FALSE
AP01743,MAATTFSTRSLKLRSWHRCSKQAREQRARLYIIWRCAVILLCWHD,45,FALSE
AP00516,MAGNLASMRLPKLRSWQRCSRMVREQRTRLYIIWRCTVILLRWDE,45,FALSE
AP02842,MAMLLFSRRNPKLGKWRQWSKYTQQQRARLYIIWRCTVILVCWQE,45,FALSE
AP00507,MKGRMSSVLTLKQLSWDKCSRLMREQRTRLYIMWRCTVILLCWDE,45,FALSE
AP02217,MKMSERRVGSYRKSTLRCWDWCKEQRTRAYIIWRCLIFLLRWDDY,45,FALSE
AP00837,MKTSNAAMRSSKRRLSRGLGGVLREQRGRLYIIRRCVVMLLCWRE,45,FALSE
AP00648,MNKPRSGGQRKRRGGGGGIRLVLRDELTRLHIIWRCVVMLLCYSD,45,FALSE
AP00285,MRSSTVADSKKRLSCNKRISGFLREGRGRLYLIRRCVVMLLCWSD,45,FALSE
AP01154,MAANALSFRSVSKVRSFSRCSKPLREQRARLYIIWRCTVLLVCWHD,46,FALSE
AP02687,MAASSVFPVRSLKQRSVQRCSKQLREQKARFYIIWRCTVLLLCWHD,46,FALSE
AP02398,MARHFLSWRFPKLQLWKRFSRHFREQKTRFYIIWRCIVILLRWQER,46,FALSE
AP02536,MDMMRSSGEASKERLSSRRVGRFLKEQKGRLYILRRCVLMLLCWQD,46,FALSE
AP02198,MEMESSKVGGDDKKFSCKSVREYIKEQKGRLFIIRRCIVMLLCWHD,46,FALSE
AP02090,MKLKISMGRVGSGRISKLRCWDWCKEQRTRVYIIWRCLLFLLQWED,46,FALSE
AP02001,MKLNSPTMGGSKRKFLNRGLSGMVREQRARLYIIRRCVVMLLCWHE,46,FALSE
AP01445,MKTTSSSVGGTKRKMWSRGVGGVVREQKAKLYIIRRCVVMLLCWHD,46,FALSE
AP01188,MMNLKVSNGESKKKVSCRRLGGYLKQQKGRLYIIRRCIVMLLCWHD,46,FALSE
AP00831,MVKLRIHGKNRAGGGGGGGLSRMLREQKARLYIIRRCVVMLLCYHD,46,FALSE
AP02141,MAASTSTISMRSMKVRSWQRCSKQIREQRTRLYIIWRCTVMLLCWHE,47,FALSE
AP02713,MADSEKSSKLERLRSTAKQQKAKLYIVKICISMLICGSPKYKVLIRI,47,FALSE
AP00094,MARQSPSQRFPKLRSWRRCSRLVKEQRTRLYIIWRCTVILLSWDDKC,47,FALSE
AP00577,MESNKDSQKKQMKKKLTPIRSFKEKRSRLYIIRRCLVMLMCWRDPRD,47,FALSE
AP02832,MGCLVFRSRRRAKVQVSGSILKEKRTKLYIIKRCVLMLVCWRDNGDK,47,FALSE
AP01918,MKMKSTTVEGSKRRCSCKSSVDEFLKERKGRLYIFRRCVVMLLCWHD,47,FALSE
AP00510,MKMSSGSMGGSKRRLSSSRSGVGGVLREQRARLYIIRRCVEIDNWGA,47,FALSE
AP00595,MKMSSSNLGSSKRKLISSRGLGGVLRQQRARLYIIKRCVVMLLCWHD,47,FALSE
AP02416,MKVESESNIGVSKRRFSVKGMGSLIREGRGRFYIFRRCIIFLLCSHD,47,FALSE
AP00766,MNMAVHSLSLRNPKVRSWQRWSRHIREQRARLYIIWRCTVMLICWND,47,FALSE
AP02886,MQGGKRRSSSKRYTNKCASLVKEQRARLYILRRCAAMLLCWYIQGDD,47,FALSE
AP01625,MREEAVKNLEKKKKSCSPRGVGKFLNKKKGKFYIIGKCITMLLCAHE,47,FALSE
AP02655,MTGQFPSIRFPKLRLWRKCSKLVKEQRTRFYIMWRCTVILLSWDDGV,47,FALSE
AP02863,MAKEEESLPCRSFGRRCRLQAKEQKARFYILRRCIMMLMCWRERGETR,48,FALSE
AP02415,MATLASSMSSLRGSKIRKWQGCSKQVRQQRARLYIIWRCTVLLLCWHD,48,FALSE
AP00339,MEAPPKYQNMSYYDDVQRCHEEKGCLYACMFAMCCCFCCKERACCCCI,48,FALSE
AP00674,MELVVVRSQQQGRRGGASSRGLRGAVKEHRARLRIICRCVALLVFYRD,48,FALSE
AP02700,MGCLPSPPQKRCKVQAPGGSVLREKRARLYIIRRCLVMLICWRDEKEK,48,FALSE
AP01311,MGLCRGQMLRSWEKCARCIHEQRTRIYIMWRCSIILIRWKIKGVEIDD,48,FALSE
AP02868,MGSRSISKKTNNGVSRKCASLIKEQRARIYILRRCATMLLCWYIQGDD,48,FALSE
AP02434,MKAPSQQDMVYFDHIKKRQDNKGCLYATLYGLFCCCCCYETCDCCCCV,48,FALSE
AP01476,MKMKSSDDTVEASKRRFSCKGSCGFLKEGRGRLYIFRRCIVMLLCWHD,48,FALSE
AP00253,MKMSTSAAAMRESKKKISCRRLGGYIREQKGRLYIIRRCVVMLLCWHD,48,FALSE
AP01999,MSRKISTETMRDSKRKVSCRKLGGYLKEQKGRLYIIRRCVVMLICWHD,48,FALSE
AP02533,MAAANAFTSSRSTSSKLRAWPRCSKQIREQRARLYIIWRCTVLLLCWHD,49,FALSE
AP01011,MAPPQYQYAPPPPPPPQKDQGFLKGCLAALCCCFVLDECCCDPTIICID,49,FALSE
AP02324,MDTASNEIPTRRSTSRRSTGSLGRCLKEQRGRLYIMWRCTVMLVKMESN,49,FALSE
AP01597,MGDRKNKNKNKNKKVLWRSRSSFGSYIREQKGRLYIIRSCIVMLLCWHD,49,FALSE
AP02347,MKAPPQQDMTYHDQVKKQHDEKGCLYATLFALFCCCCCEEKCKCCCCCV,49,FALSE
AP01990,MKAPSPQQISYYEEVKKRHDDKGFLYACLFALFCCCCCYETCECCCCCG,49,FALSE
AP02539,MKMKGATIGGSKRRCSWPCKGNGAGFLREERGRLYIIRRCIVMLLCWHD,49,FALSE
AP02027,MKMMSSATMAAEQSKRKASCRKLGGYLKQQKGRLYIIRRCIVMLLCWHD,49,FALSE
AP00755,MNMKMMMMNNGGSKRRGSSRGLGGVVRQQRARLYIIRRCVIIFVYTGGD,49,FALSE
AP01316,MRVVTQKIMQMRMAAQEMKLKGLKRALKEQKARIYIIRRCVAMLIRWHD,49,FALSE
AP01710,MTTSAFSSLRGSNSKVRSLGKYSSKQVRQQRARIYIIWRCTVLLLCWND,49,FALSE
AP00603,MAPAKRSEESLPCPSFSRRCRLLVREQKARFYILRRCIMMLVCWSDRGDL,50,FALSE
AP02437,MATGCLAFPVRKQGKVQFPRNGILKEKRARLYIIQRCVLMLICWRDPEDK,50,FALSE
AP00555,MDAKISKAAAGGSKKKWSNTRRRLGRFLKEQRGRLYIVRRCVVMLLCWHD,50,FALSE
AP00106,MDPPPPPSEPLLAPPPPHEGFLESCLWFLCCCGIFRSCCPPLYESGPPPP,50,FALSE
AP00272,MEMKMGNAAASVERSKKRLSSRRLGRFLKEQRGRLYIMRRCVVMLLCWHD,50,FALSE
AP00711,MEVAVIVSHGKKRGAAAMGSGRGLGRVVREHKARLRIICRCVALLVCYRD,50,FALSE
AP02603,MELYMDEKWKLSKKASRAAAMTGRSFSSRCASLVKEQRARFYIMRRCVTMLICWRDYP,58,FALSE
AP02255,MENPATQPPPGYPTENPPTGNKKKMKCWPRTKAKGERGFLEGCLFALCCCWLCEVCFD,58,FALSE
AP00647,MFVDDKNEQKRKRGEGGCRESMKRSRGCLMMVKEKRSRFYIARRCILMLLCWHKYANS,58,FALSE
AP00371,MGEVEELKQGAKIRGNGKRKGDGFSNKCASLVKEQRARLYILRRCATMLLCWYIQGDE,58,FALSE
AP00756,MGQCASGRRVVKVREDWDGGVSRGRHGWITIVKEQRSRLYIVRKCVVILVCWHKYGNS,58,FALSE
AP00377,MGQCASLRRRHGEGDSEPAPAAAGKKGCLAVAREHRSRFYILRRCVVMLLCWHKYGKY,58,FALSE
AP00397,MGRHYQQQPQPMYYQQPQQQPVYIQQAPRRDNDRGCLGTCCRFLCCLCLIDLCCDCLC,58,FALSE
AP01749,MKQEDNNNSFSNNKQICGPFKSFRRRCTRLAKEHRARFYILRRCVTMLICWQDHCDDP,58,FALSE
AP01640,MQNPETQRNQPPPGYPSTDQDPPTKRKLFFKSKKKGDRGFIEGCLFALCCCWICEECF,58,FALSE
AP00116,MSEAPKTQQMSYNDTHHRIQHRREERGCLYACFFTMFCCCCCPKKCEGCLDGDCCCCN,58,FALSE
AP02690,MTGTSHFLQFTASRRKSRRRTGFRRRCLAVYKQQRARFYIIGRCVSMLLCWHDHDVSD,58,FALSE
AP02549,MTILSFFFPSSECRRKTHRKTGFRRRSLTMMKQQKTRFYILRRCIIMLLCWQSHSVAD,58,FALSE
AP02453,SKRKLKKVQSAAQQQKGKLYIIVACIALLVCSCCSKQQKLKIRAYRSFKSFSRVQTQD,58,FALSE
AP02038,KTKDNPTIIYSTKMKMASPSMGGSKRRLSSRGFGGALREQRARLYIIRRCVVMLLCWHD,59,FALSE
AP02291,MAAKENNIGLQSHQQDRHPCRCKSFGQKCSHLVKKQRAKFYILRRCIAMLVCWHERGDP,59,FALSE
AP00201,MAATPYLVSSSKRNLCCRSRKPSLRKRCSSMAKQQKTRFYILGRCVSMLLCWHVHSISD,59,FALSE
AP02396,MAELKQQHRSGVLYTCSKRKNSGGFTRKCASLVKEQRARIYILRRCATMLLCWYIQGDD,59,FALSE
AP02436,MAERKKGSKLGRLRSAAKQQKGKLYIIKKCIAMLICGSPKCVYIYIHLALLTLFYPSPI,59,FALSE
AP02640,MAESEKRNEYHQGHHRTCSVSCRSFGQKCSQLAKNQRAKFYILRRCIMMLVCWRDRNEA,59,FALSE
AP01461,MAKPKQRQTHPPGMNKVKSHGGKHTGSAGGGGISRMLRQHKARLYIIRRCVVMLLCYHD,59,FALSE
AP01194,MASALPTAHDNLSEIRCKRKKTSFRGRCLTVAKQQKTRFYILGRCVAMLLCWHVHHPSD,59,FALSE
AP01003,MAVSSYYLTPTSRPCKINNRKTGLRKRCFLMVKQQKTRFYILGRCISMLLCWQDHAVSD,59,FALSE
AP02604,MDDAKVLRKRKGFGFSNKCTSLVKEQRARLYILRRCATMLLYRDDNEPNQLDNSSELDS,59,FALSE
AP01239,MDLIGVAVSGMNNAHDISADMEQGKKQQQRGKLQRLLREQKARLYIIRRCVVMLLCWSD,59,FALSE
AP02312,MDLIRVVVTSMNNAHDISAGLLAAMEQQRRGKLQRVLREQKARLYIIRRCVVMLLCWSD,59,FALSE
AP02287,MDSNHKSLQPPPGYPTVDSKHSGGSPRRGRTTARGKKTRFIDGCIAALCCCWLCDLCCD,59,FALSE
AP01365,MGEFQSQQFNLGVKATAAERKGNGFSTKCASLVKQQRARLYIMRRCATMLLCWYIHGDD,59,FALSE
AP02459,MHGGPPSYVAPPKSDVNAVKDDSPYLNYVPPQETKSRGDGFWRGCCAGWCCYCCLDMCF,59,FALSE
AP00593,MKEREEEEEKRSCCVIQIHYSFREFGQRCCKLVKEQRARFYILKRCVTMLICWQESTDT,59,FALSE
AP00594,MKFTRSKKREMKKQEGKLNQHMCEPFRSFRRRCRKMVKEHRTRFYILRRCVTMLVCWTE,59,FALSE
AP01273,MKMGNATIGGSKRRVSNKGVGGVLREQRAKLYIIRRVEMSRLEPHSNQQEIVGHSNIFI,59,FALSE
AP02303,MKMMGRSKRRVSSRLGGILKEQKARLYIIRRCVIDEIYGSRASHVCNPTYSPLTAFNVV,59,FALSE
AP00600,MSFSNYLPLPSRSNRRKGHGKNGFRRRCLSMAKQQKTRFYILGRCISMLLCWHDHAIRD,59,FALSE
AP01957,MTDALAGTGDLSLISAGMAWRYQKHCLVGGRGLGKVVREHKARLYIIRRCVVMLLCWHD,59,FALSE
AP02594,MVMKPENITSFGDQLRVRDSCRSLGERCCRVVKELRARFYILRRCVAMLLCSNEVNEET,59,FALSE
AP00807,MAGKEESAQNSSNSSHSSTCDPCRSFGQKCSHLVKKQRARFYIVRRCVAMLLCWHEHKDP,60,FALSE
AP02882,MAHAYSSSTQELAYVSHSKSRRTNGFTRRCARLAKEQRARLYILRRCATMLLCWYIQGDD,60,FALSE
AP00422,MAISYHIPQPHAAAGKRKGHRENSLRRRCLVMVKQQKTRFYILRRCISMLLCWHDHAIRD,60,FALSE
AP02878,MAKSSETENNQPPAGYPTENPPAGKGKKKCLSQTKKKGDRGFIEGCLFALCCCWLCEACF,60,FALSE
AP01392,MDDGQLSTLSCPDSPLYLAATMKVASQMKQMGKLNRSLRDKRAKLYIIRRCVVMLLRWSD,60,FALSE
AP02808,MDEPFQGEDRNLSAVDHVKKRHHEKGFFYACAFTLCCCFCCYEACEHCLEFFCCCCKKDD,60,FALSE
AP01890,MDEPSQGGDQKLSAMEHVKKRHEEKGFLYACLFMLCCCFCCYETCEHCLECFCCCCKKDD,60,FALSE
AP00168,MDRCRFERSSSTQGEKRESKEEGSGLKKRCVEMAKEQRSRFYIFRRCITMLLCWHKYENH,60,FALSE
AP00137,MGEQEFRKSDNRGDFGDGGSVQSKTTRHGCFGMVKEYKSRFYIVRRCVRLLICWHKDDKY,60,FALSE
AP01260,MGQCASRRARWARGRRWREDEDAASDKVGCLAVAKEKRSRFYILRRCVVMLLCWHKYGKC,60,FALSE
AP00364,MGQCTSKQRRGGGLNGNCGGCAETTRRGCLSINVREKRSRFYIVRKCVIMLLCWHKYGKY,60,FALSE
AP00186,MGQSASRTTHNRGEFSGGGCPVHSKRQGRFAIIKEHKSRLYIVRRCILMLICWHKYKISE,60,FALSE
AP00585,MPIRYPQQPPQQNVYYAQPPMQFQQQPVYVQQAPPPKDNGGCCKSFCKILICLAICDALT,60,FALSE
AP00002,MSDPKYAFSYAAQGPPVMAPPPQYAAPPPRPGFLEGCLTALRCCCLIGECCSDSSIFPVS,60,FALSE
AP01258,MSSVSYLSQVRSHQSRPKSHRKIGFRKRCVMMAKHQKTRFYILGRCVSMLLCWHDHSISD,60,FALSE
AP00152,MTEEGRRLCKRTSSSACSRRSGTASFKQRCSLLVKEQRARFYILRRCVVMLVCWNYYADP,60,FALSE
AP00558,MSHNDQHQIPVAYPPPMTMEPPVGYPTSTVEGNHVPADTRSRGDGFWKGCCAALCCCCVLDACF,64,FALSE
AP02046,SNKISLGDMKNKEVTTCCNRHLCDPFKSFAQRCSKLVKEQRARFYIFRKCVAMLVCWQDSGGDL,64,FALSE
AP00611,MAAVEMQQYQYHHKSSSKKSTTNGSNRFTRKCAALVKEQRARIYILRRCATMLLCWYIQEDGDEY,65,FALSE
AP00457,MAGELKFQAYDKYCETTKPSSSRRRKGRHGFTTKCASLIKEQRSRIYILRRCATMLLCWYIHGDD,65,FALSE
AP02263,MAKYKKERSIKVHDGDKKGKQGSNNNNNGGISRKCALLVKEQRARLYILRRCATMLLCWYIHGDD,65,FALSE
AP00757,MAMPRARARPISNLPPTKQALRRSYKKTGFRKRFLWVLKQQKTRFYILGRCISMLLCWHEHAVAD,65,FALSE
AP00391,MAVKEISNTRSQNSHQHHQQQQEGCNACKSFGQKCSHLVKKQRAKFYILGRCVAMLLCWHERAEH,65,FALSE
AP01533,MDKTDQAEPQAAYAAPAPAGYPTKEGGAAAEAAAAGPAETETRGDGFWKGCCAALCCCCVLDACF,65,FALSE
AP02186,MGCTGSSSRSKNRGSRNWEDEDERGGGEGSQRRGCFVISRERRSRFYIVRRCIMMLLCWHKYGKY,65,FALSE
AP00207,LVAVQVQSLASSTTLLFMRPIYLRVRMNKMKSHGSKHRGGSGGGGLSRMLREHKARLYIIRRCVVALLCYHD,72,FALSE
AP00251,MAEIQLQKRSFTNTKRKGNGFSRKCATLVKEQRARIYVLRRCATMLLCWNVVVVECYRRSTRIVFIILEAGS,72,FALSE
AP01261,MAMKESDSTTTTATTTASFNNSTGNLDNNGGCEPCRSFGQKCTHLMKKQRTKFYILRRCIAMLLCWHERNDP,72,FALSE
AP02318,MARVSSMESISASVPARSAMCCSTYGRRRRRQKAVGGFAGRCNAVLKQHKTRLYILGRCVSMLLCWHDHDAD,72,FALSE
AP01158,MDNSHQNQPQAYSAAAVEGLYVVPPPVGYPMKDGQVKSQNYPPQGKTKARGGGFWEGCCVGLCCCCLLDACF,72,FALSE
AP00275,MDSSNTNRSQSQPPPGYPRLDAEQQGGGGKKKKKGCCGPWRRAVTAKRGEASFIEGCIAALCCCWLCEFCCD,72,FALSE
AP00659,MELSASVPRHSVCSEYRHQPTPSSAARCRRRRQKHVGLGGRCHAVLKEHKTRLYILGRCVSMLLCWHHHDSD,72,FALSE
AP00787,MELSVNEKLKLAKKGNRKASAAGKVQTRERRPSAAAGRSFARRCASLVKEQRARFYIMRRCVVMLICWRDLA,72,FALSE
AP02891,MGEQLRQLYFMKKNIMNGSSSVYTSSKLRSKSSTSNGFTRRCASLVKEQRARIYILRRCATMLCCWYIHGDI,72,FALSE
AP00117,MMNEPPKYGYPYPSQGQGYYQGGPPPVMAPPTYAAPPPPQKNRGFLEGCLAALCCCCLLDECCCDPSVICVL,72,FALSE
AP00316,MNPSEQNHFSVEKPSQTSSGPYTSPPPIGYPTRDAMVGDPPAASVETKSKGDGFWKGCCAAICCCCVLDACF,72,FALSE
AP00164,MNSSTINDVPLATLSPTYESKAATIHPQTVPNEQATTEQHNDSSLRLRGGAGCLTDFLAAIGCCCICEDCCC,72,FALSE
AP01238,MSSYNQNQSSVAYPPPPPSTTAGPYVAAPPPAGYPTKDGDHGYAKNAPVETKSRGDGFWKGCCAGLCWLLCLGACLNTHTHG,82,FALSE
AP00001,MSTTTTTPPLYFDEKWKLSKKDGSRRSVGSSRSSSFLSGNSSNRRCAFSRKCASLVKEQRARFYIMRRCVVMLICWREYGDS,82,FALSE
AP00696,MSYAPQNQSYYGNAPQPQGYYASPPPPQGGYYPPPPQQGGYYQPAPPPQTVIVQQQPQRRDDDCCTACLAGMLCCCLLEECT,82,FALSE
AP02712,MSYYNQQQPPVGVPPPQGYPAEGYAKDAYPPPGYPSAGYPQQGYPPPYAQPPPPPQQQQQGPSFLEGCLAALCCCCLLDACF,82,FALSE
AP00090,MYNQEQHPVGAPPPQGYPPKDGYPPAGYPPAGYPQPGYAQGYPAQGYPPPQYSQAPQQKQQAGMLEGCLAALCCCCLLDACF,82,FALSE
AP01234,MATAKRSEEGLPCPSFSRRCRLLVREQKARFYILRRCIMMLKRFHVIFFIRKMNAEFVLAPTVHVSILVSDLRPPLQQFTIEK,83,FALSE
AP02423,MDNSYSKTYPSNCEELANSSLKKRFLKRAKEERSRLYILKRCIIMLLCWHKYLLEKTTYEYTKFVNVVWPILLKGKAHAVPSY,83,FALSE
AP01374,MELYMDEKWKLSKKGSRREGGGLSWKGSASMREGRGNSSSSSATARAGQSFSSRCASLVKEQRARFYIMRRCVTMLICWRDYP,83,FALSE
AP01801,MGSSTNSPAAAAAAYPHPQPYSTAPALGPSYVQAPPPAGYPTRDAPNPASAHYGPVETKSKGDGFWKGCCAALCCCCLLDACF,83,FALSE
AP01715,MLHRNTSHRDGAQGETPSSSPSAAARSPSAARSSSASRSSGPMTPPSAATVREAPDPPPARQGFIVGFFMAVCCCCLVDETIM,83,FALSE
AP00736,MNHNDQHQAPVMNSYPPPQSYPPTMEGYAQGPYVMPPPIGYPMKDGQQTQVASHGVETTSRGDGFWKGCCAAICCCCALDVCF,83,FALSE
AP00121,MNTDSIPLTPTMVSTGYPATQDIMSTSAKNSPDSDQIQQQKESSFSSMLRLSGGGCIKGCLEAICCCCALDAICWCELDEICC,83,FALSE
AP00196,MSGYPQQQQPGYYPPQGGPPPQAYYPPQDGGQYPMGQYQQGPPQQQPMYYQQAPPPQKDSGGGGCLTGCLAALCCCCALDALF,83,FALSE
AP02297,MSHQYDQNRTPEAYPPPQSYPPPAEGYPYQGPYVVPPPAGYPMKDGHGYPQSASQVETKDRGDGFWKGCCAALCCCCVLDMCF,83,FALSE
AP02348,MSYQQGYPQPGTAAYPPPGQQQQQAYVAAPPPVGYPQAQDQQSYPAGTGDETTSRGHHHHSGGGFWRGCCAALCCCCLLDACF,83,FALSE
AP01348,MSYSYPPQKGYDQQGYYPQQYPYGQQPYPQQGYYGPPPPQNGYYQPTPPPQTIIVQQQPQRHDDDCCCGFLAVCCACCIIEEW,83,FALSE
AP02557,MTNCLYKPYTIAISKLQPKFELPNPTIKACLISFSGSLSLQIMKMRMGAQDMKLKELKRALKEQKARLYIIRRCVAMLIRWHD,83,FALSE
AP01350,MVMEEADEGSEEEESPGSRRGRHTAAAPAAGTRSSFGKRKHVRETCRAFRRRVKEHRSRFYILRRCVSILICWHRHHLSDHNP,83,FALSE
AP02155,LRAEGDEGRGLCKERAWKKQGAVDDAARAGAVAVPARGDGGKGGADAGSSSFARRCVGCVKEQRARLYIARRCVIMLACWRDKS,84,FALSE
AP02365,MEMWMDDKWKMSKKGSRRSSSSAAVAPAAAAGSSSPVGLKGRTGPPRRGSGRSVPGRLARLAKEQRARFYIMRRCVTMLVCWRD,84,FALSE
AP00086,MGKGKHGHKHGYPQQGGVPYGYPPEGYPQGYPQQGYYQGPPVMGPPQGYQRRREGGFLKGCLAALCCCCLVDECCCDPEIFLGC,84,FALSE
AP00596,MSAQQFYGNDKGFVPQPQQAYGGQPYYPPQQNYPPQGYAQPGPGYAPQQPMYVQQPPPQNDGSDMCCGLMTGLACCCCLDACLF,84,FALSE
AP00809,MSHFNNQHEAPAVSYPPTMSAYPPPPAASYVSAPPPMGYPSKDGPPAAGYPQQSVPQHTTTKGDGFWKGCCAALCCCCALDICF,84,FALSE
AP02798,MSNQGYYGGQPQQGYPPQQGYGQPQPGYPQQAYAPPGQQGYYQQGPPPMQYQQAPPPRNSGGGGGGCLTACLAALCCCCVAEEG,84,FALSE
AP01227,MSNYPPPQGYPPPDQGYPPPGYPAQGYPPPPQGGYPPQGYPPPQYAPQYAAPPPQQEQKKKVGFMEGCLAALCCCCVMDACFDF,84,FALSE
AP02456,MSTYFSASTNRDYKNLVAVAYPPPPAPTDPSAYSSAPPPAGYSTKDGQTHLQNPVPVETKSRGDDFWKRCLVTLCCCGALELHP,84,FALSE
AP02448,MSEVPKQTSYPYPAPGYYEGPPVMAPPIYTYTAAPPRRQSGSLEACLATLCCCCLLDSCCWDPFLCI,67,FALSE
AP02581,MAHEDARKNKCCHVPDAPDQPQPLPSGTKSFRCPRTQKKGNKSFLEGCIFALCCCWICDACFDVSVTT,68,FALSE
AP02371,MEDNNSNGNSVEPPPGYPKVEKQGGGRKKNRCCGSRRRASTAKRGEGSFIEGCIAALCCCWLCELCCD,68,FALSE
AP01850,MELFVEEKLKLSKKGSRSGAATDKGRGRGRGPGRSFLNRCARLVKEQRARFYIARRCVTMLICWRDYP,68,FALSE
AP00843,MELYVEKKWKLVKKGSKKETTMASDSDKKESAAARRSFTRRCTRLAKEQRARFYIMRRCVTMLVCWRD,68,FALSE
AP01009,MGQCYTAQQKPRERWIKKSGKGGPAGRYSQRESYGNGCFALVREQRARFYIIRRCITMLLCWHKYGGS,68,FALSE
AP00154,MGRHRQPMYYQQPVYQQQQQPMYYQQPQQPVYVQQAPPRQDSGCCGTCCKALMCCCLFELCCSILSGP,68,FALSE
AP00014,MKVEVEEISRSRRDNKNNDCNGGEGHVQEACNRTFGAKCSHIAKKQRAKFYIVRRCIAMLVCWRDKEK,68,FALSE
AP01901,MLHHREMKQQQHKEGGGGGGGGGGGGGGGGGGGGGGGGGGGMSKVVREHKARLYIIRRCVVMLLCWHD,68,FALSE
AP02786,MNNNQGQYYASPPQQGGYYPPPQQGGYYQPAPPPQTIVVQQQPPKEDHSCCWGCLLAMCFCCALEEMC,68,FALSE
AP02355,MRDIKYAYPYPASGVYGRPPVMAPPPYAYGAYPPPRTDTGFLDACLAALCCCCLLDTCCWPWDPFLFM,68,FALSE
AP00284,MRKALTAINYFFVRQIRQIISSHTKVPNRKRSFGDRCLLMAKQQRTRLYILRRCVCMLLCWHDHSIHD,68,FALSE
AP00449,MSHNQPQAYDDQSKDTAVGPYLAPPPATVHKGYSQNVPQNRETKFKGSGFWRGCCAGWCCYCCLDICF,68,FALSE
AP01161,MSNQNQAHPPPSTSYPAMTAPPPAGYPTKDGQPEQGPAAPADTKSRGDGFWKGCCAALCCCCVLDACF,68,FALSE
AP01968,MSQPPVGVPPPQGYPPAPGYPQQGYPPPQGYPQQGYPPPQQQQGKSGPGMIEGCLAAMCCCCVLEACF,68,FALSE
AP01647,MVFNIPSSLLLKLARKKRENKKMKFEAETIRVSKRRLMGKDMGALLKEGRGRFYILRRCIIMLLCSHD,68,FALSE
AP02449,IIGEPHLVPFKSHAIEEKAVQRKLMAFSVRKRGKVQFPRSRILNQKRARLYIIHRCVLMLICWRDPKDK,69,FALSE
AP02802,MAEITKEGKLERLRSAVRQQKGKLYIIKKCIALLICRSAAAQSAYGSFTSSIMLHACMFLLQLSIIFFP,69,FALSE
AP02629,MQKQENQVNQPPPLGYPIEFTPNENKKKKMKGWPRSKPRGERGFLEGCLFALCCCWLCEVCFD,63,FALSE
AP01629,MQNQENQMNQPPPGYPTESTPTPSGKKNKKMKCFPRSKPKGERGFIEGCLAALCCCWICDVCF,63,FALSE
AP00434,RAQTQQKQQLYSEAKHLDRSSTRMSKPSNQGKRGGGLSRMLREHKARLYIIRRCVVMLLCHHD,63,FALSE
AP02199,HKHKKKKKRSPKQLTLEIMKMGSPSMGGSKRRLSSRGLGGALREQRARLYIIRRCVVMLLCWHD,64,FALSE
AP01014,MAAEQNMYNYSADRHVQYLESKTPGRNNGFSRRCASLVKEQRARLYILRRCATMLLCWYIQGDE,64,FALSE
AP01228,MGQCASRRTNNNNNNNGGISGGGGYVHSERHQGCFAMVKEHKSRFYIARRCIVMLLCWHKYGKY,64,FALSE
AP01644,MAQNLKFVYALIIMIIVLSSFLAESNWSQRNDITKIHCIKNADCPKHMCIRPQKPKCFDSWYMSQNQNQGNVRVMRRTKKNRL,83,TRUE
AP01328,MAKVTKFGYIIIHFLSLFFLAMNVAGGRECHANSHCVGKITCVLPQKPECWNYACVCYDSNKYR,64,TRUE
AP00405,MTEIIKFVNVMIILLSVFIIAMNVNASPVLCQRNYECYEQICLPPKKHWCNILELVRINGFYLGLCACI,69,TRUE
AP01263,MASHFLSTFQSRMTTRINPLLMSFIIMCVVSIMAAGIISNMFESIATGAEDLTNDEHCFNFPQCTGTDAFCDHACRVKYGDDNGGYCKPDKITCCCR,97,TRUE
AP01557,MSNFQNKIASCIKPILLTFIVICIASVMVAGDVVFLPGKLCFVSTYCPTAPELCDNFCKVSLGNPKGGLCFKGQGVCCFN,80,TRUE
AP00640,MKLLSTVVLMMIFLASAYSVVDESPTITLSEFESYPTLSEASVDKLFHDWMLEHNRTYSSSNEMKKRRELFKKKLEHVKEFNKGNHSYTIGINQFSD,97,TRUE
AP00134,MAEIVKYIYVIIIFLSLFLVATNIEGKLFYRFQISFFYFGHNILLYFCYLILFSFFITTAFFRCKNDFDCVHKRCRGPMRAKCISKAICKCRLAFTLK,98,TRUE
AP02879,MIVSWRHQCLLLVLVTFIVLSKGSRLLKDQYWEQMLPKKLPSPSSSPSRGTNYVLTTLKTDHNILPTSDGKEDSMIISCVNFEDNNDIPQPE,92,TRUE
AP02137,MAKTLKFVYVIVLFLSLFLATKNIDGRRVSYNSFFRALPVCQTAADCPEGTRGRTYKCINNKCRYPKLLKPIQ,73,TRUE
AP00651,MKSQNHAKFISFYKNDLFKIFQNNDSHFKVFFALIIFLYTYLHVTNGVFVSCNSHIHCRVNNHKIGCNIPEQYLLCVNLFCLWLDY,86,TRUE
AP02797,MTHISKFVFALIIFLSIYVGVNDCKRIPCKDNNDCNNNWQLLACRFEREVPRCINSICKCMPM,63,TRUE
AP01607,MMPSKKAIAVLLICLVIAMASVKKAETLSDCAKECMPVCLKEKGATIDTCSPACEKYCVQITEKATKARRA,71,TRUE
AP01431,MAKTIKCLNVLILFLYMFLVLTLLDFGSSTTPTPCRTDQDCPRKKKFSVTCRKGFCAEIRHVY,63,TRUE
AP02753,MAKLLKIVNNMEIIIFLFLFVTSQCLEVNGEVLNPRGKVFHSAWCNEDSDCKPDVCTPLSVICDAQRCKCHTS,73,TRUE
AP02089,MKVLKVILALLLLLTISHVEPNIASRVLNTKNKFQLSLQSLDKGPVPPSGPSGCTFIPGSGGTNCPLKEMNVAGNIHQRRGYPRLFVPFGVANNQ,95,TRUE
AP01756,MGIMYSLTLLLFRMTMLTTLMFVLRQPIEEEPLQHKPSQIYKPTLLKPKFIKASFIDNTILSPPPRPPRPPRIHPAPVPVFHSSKKT,87,TRUE
AP00839,MSDECQGKSSWPELVGVEGKVAEATIQRENPLVDAIIVPEGSSVPFDFRCDRVWVWINKDEIVYQVPTIG,70,TRUE
AP01190,MKNMSAIIKFIYAMSLILFIANEHYRELICKTDDNCPRRGTNKYFIHKCIDYRCQWIPR,59,TRUE
AP02432,MAGPVSMRCQVALVLVLVVALGTKMEMGEAQTTCPTQLSNLNVCAPFVVPGSPNTNPSPDCCTALQSTNPDCLCNTLRIASQLTSQCNLPSFGCVLN,97,TRUE
AP01922,MDLAGCDRISGDVRSRSERDGGVDDRGGKEDGENREKIHEEMKKREDGGEYDGGKDGGRERIVGEGVLCFCREDEEERCRVITVMPQL,88,TRUE
AP02216,MVVTRMKIKYFIFLWFTVLLSSIVAVEPFQDMKQFVEIEESKTNIEVDCYAYFENIIDFRDFLDGGNMEDTRKGGDA,77,TRUE
AP00426,MGIITVKNCVVLMLIIMLVVTQVESIAPSQEIATAPTMFPEPPCDVKCMRKCKVYSDHIVFDYCMGDCISGCPESSTV,78,TRUE
AP02527,MAAQFFNCKLGLLMFIHLGLLVGVSSMKVSTWQPLLKVLRKQIGIAKNRLESRELLMTKQEEATAN,66,TRUE
AP01303,MAMIELKKVLVIMFMIIIMLVVVQLCDTTQSKIVDESCAIERFACRAECLITCAGFDNCLEGCFEHCLMCSRNAYADIDCLIHVDDLQQY,90,TRUE
AP01229,MEVSMIRKGVVMMLIVTHVECNSPSKNLGQLSSKDSQEHGARAVVHTECDSSLEICNNNK,60,TRUE
AP00262,MKRNAIVMMLMIMLIVTHVECNSPSQDQEHGPTELKGVKRVFCEIKCTMSCRSLRRIAHKYKECFIDCVNKKCIGAGKNKKKKTLL,86,TRUE
AP01429,MASKSLGVAVILVLLPYMSLVVVAIEGMNLDANGDDNDVLYDCKQQCMSICLKIKLAQVSLCQEACSPACKQLKGKGLCTYNLK,84,TRUE
AP02317,MSILKVFLYYDHLYFSIFFFVGNVSATYALYCNDEIECNPENCPLPLTVICTGDNMCMCLEPFQFFEQP,69,TRUE
AP00282,MKKMADIFKFVYDMIFFVSVFLIVVYGEKECISDAVCYEKYPGPFNFIMNCVDGYCKAFPKLV,63,TRUE
AP02306,MAKLMKLFYVMIHFISLLLITTNVRAYDDCYNHTECTNKIKCVPPRIAQCFRFKCDCIRLNNGPKTPWSATPKRVHISPTRKNDF,85,TRUE
AP02172,MFKHFSIVRIMMTVKTKLSMCFLGLRNVAITNVIVFL,37,TRUE
AP02426,MEIEPSKDGKQYDVKEEFETQARIDAWRPWGYGRLPFIPYGQKKGGNGSGGLGSRGNGGEGVTQGGGEENEGKES,75,TRUE
AP02814,MVVILKFVSTLILFLSFLSIATGARRKNFFFIILKFSSLLTQYFMALNKMALFLFYYIGIRRLNCNSDDGCPNNYCTPPHFGKCVSKQCVCMKLAWYTKP,100,TRUE
AP02487,MNIIFKCVYHMIVILLLLLVATEAGTGNIRQSCEFDVDCENKYCPPSHDGKCVWEEEGEEGEEEYCGCIPR,71,TRUE
AP01157,MSYLHVLVLFLAVVFSLADVAKYQIHAQHDPCVDDRIHDQQNQVLNGKGPPKICIPRIPGAVRTRSTIRPPPKML,75,TRUE
AP00994,MFKVLNIVYAMIIFLSISFSITNSFKMFCRYDEDCPPRMCRLPQVPQCNEFICDCGMPVYKPYQNKYIKK,70,TRUE
AP01521,MTKNMSRFFKPLYVMIVFISLFFVVRDVKAGLAHFCNEYNPCPEHLCMPDMKVVCTAEELCLCIKLI,67,TRUE
AP01176,MQQSLALLSMIVQGKFLIYFLGALIIFVYSLNSVTIHMFIKLSTLMLQG,49,TRUE
AP00409,MKKWTSLKAYRWGKASKTTHTSFSLEHGVNRPCIIANDCPDSMCTFPEYPICYRGFCYCV,60,TRUE
AP00399,MLYKIFHHILIKFILFLLDIPNIIPCKTRVDCPVDMCELSQIVWCIDGSCKCL,53,TRUE
AP02730,MQRRKHMDQITHLLYAFIIFLYVNFASTESDYQDLVPCLSRADCPQDMSCNKRQQRTEPTLLDWNTEKQLFFQETLEWGLFEILLCIYIEAWKVGINAPL,100,TRUE
AP01676,MLLTYSFILFYITAFSFPCKTNSDCPSYLCHYPKNPECVERECICW,46,TRUE
AP01495,MREKMAQIPYMFYTFIIIFSVFFVTTKSDSILCTTHAQCPGDMCELPQFVWNEYVID,57,TRUE
AP00172,MNTILKFIFVVFLCLSIFLVVESLNFGPCNTHEDCQKYEYTYSCVMECVESVCDCWSNEIVDFIFPRN,68,TRUE
AP02729,MYEILKYVYVMLIMIFIFLVACNAEAGEREEITPCNTDFNCPSSLCTFPLKLLKPICTNHQCICQHI,67,TRUE
AP00325,MTTSINYLFFFIAIFCIVSVITPGGAVPNCYGYCKDGPIIPDDGCVQLCKRFDEDAVCKNGMCCCALRPPPPPPPPRM,78,TRUE
AP02679,MAARINHMFFFITIVCIASMVVTPGTSSFDHPPLQDCETSKFCPNNVQACFKSCSDKGIPRANCNGNLCCCGI,73,TRUE
AP01542,MTTSISIQQYIFAILCFALVIMNSGVTSENIHYKVCITKGPCPNNDPACAKFCQNKSYPKGGNCIDNVCCCDK,73,TRUE
AP02530,MTTCINRVHFFIAILCIASVLTIVDGIPPYDYCIGKGPCLSKGQDCGNYCLRNGYTLGGKCDYKPVCCCNAQIVLHK,77,TRUE
AP00496,MATGINCVHFFIYVLCIVSVLCPGYVIPPPTLPPTTTLAPPSEYCYPIRSCPNNKWMCLDYCGERGFGKGVGTCVRDNLCCCIE,84,TRUE
AP00187,MAHIVAFVTIFLITMCPISSSISCDNVYWDFVTCLWYLAAYESEPTTRCCKTVAKQYEESICECIENLGNDLDIRFDLSRIDDLPNKCHEPKSLNCSK,98,TRUE
AP02582,MSIESNKENISPVYTNKKKKKKKNSTERKMKRSPLADITHLFDNSSTLTTTREEHYLKASFAKSEQKFRNIYDSKRLSPQGPDPRHH,87,TRUE
AP01966,MGQIQKFISSLIIIISLVLVVTCNCIPMIHPLLYKKRVVPNCQTIVDCPDNMCTHPKEVYCIGYRCYCLK,70,TRUE
AP02511,MTNSIKFVYVMMYFLSIFLISTYFETKLNCIDDSDCPYDMCDPGLLPRCLNGWCDCSRFQPWPMDSMSSNLREFTLPN,78,TRUE
AP00744,MTKFSFIQIIFVAFIFSAIALTSDGCITTLPPGDCTLDACGKWCHDTYQGYGRCIPADKSINPKYYCLCNHIIGCPI,77,TRUE
AP01523,MVVSVREIVTYTLILISCIFLYQNLFSRDIPDSVVKTTDQGLVELSKSSHCFRYERCCCGSSIFCNEYCIITLGKPNGGYCAPGKGLYDGE,91,TRUE
AP00009,MAKIVNYVYSMIIFLFLFLVATKAEPLILISFFITRVYQCIADSDCQPWMCSLGMKPKCISVLRMCKCHGWQKYNVLT,78,TRUE
AP00120,MAYLKKVILNLTLLFVIILSMEVATTAARLPLWKIEPHHKINGRLLYIVDDVPRGHHYKSPPPPRPSPPPPPPRP,75,TRUE
AP02215,MTSFSSYLLVFFLASLILIPQGFASQPHHHPNHPPSTQEVPRHHHPKHPPSTQEFPHQGSKPHPILPTNLPKPHPHHPPKEDNTHF,86,TRUE
AP01405,MTEEKQGQGTNPPHEQPNESLLRTYNQRLRRNNPTKTSWPELVGVTVEEAKRKIKEEMSEVKIEVVSPGSCVTFDLRYDRVRLYVDEFNNVFSTPKIG,98,TRUE
AP00503,MTFCVQSFLLGVLCISLVLVSGFDTSLDLEGQTIEPTKKPSCFIGRPGPPQICCFSECTPNCTAVCIANDYLGGGRCQIFAGANFCCCYKP,91,TRUE
AP00789,MKTTTTHSALSFTLLIALLIISSDMCMDYVEGRMNSEIVSSLIHTNDNGNCSSCKSDSDCINCILPDCNRAPGGVTTCFQHECVCQVFPPKQY,93,TRUE
AP00675,MYKMDTKRITVVTMIFLLEFFIHASDMCMKLEGKGVEGTHPCKYDSDCQPGCPPNTHGCCIHGRCWCFNSPIFADKIPGLIPQGNCFIR,89,TRUE
AP01587,MGTASTKISALVIVYLLAFLIFASDMFMKSEGKEIDAECDITSDCHDCAKGFHKLCSFGHCYCITGPPAKPEQNILDVKDGGI,83,TRUE
AP00083,MIKVVKFIYVMIIILSLFQLSINAREKVNCLDDADCLEVSCLNGSNAECVGNSCVCVFVFYRENFDEQFRR,71,TRUE
AP00788,MGITRISSLTTIFLLTFLIFAPDMYVISIHCRTNADCPRNMCKIGLPECDQTRKECWCFLPPSVDNNNIPNVIPQVTN,78,TRUE
AP01720,MAKHISQYCLLGIFCIALVLASGPTPGSSLCNNKHFLCDNPDNCLATCHFYFCKRGCNKDLQPKKKEHTQRRGLSQDPQKATNLKLVIPSLF,92,TRUE
AP01958,MMHNIHVCSIVLISVVAQHSGKCTSRFHQVIKLVSKVLYQQGLSFRPNNSSYLFL,55,TRUE
AP01243,MAQLHKLIYALTIFLSLFIVGAVRIPRPLIDPLNCHIDIHCIYKECRRPFKPSCLNFKCDCGKE,64,TRUE
AP02071,MAKLVKFVYVIIVFYTLFLVGTEIVSGHACTVNADCEQSMCDPFCVGGYHFTPICVIGWCVCVGNRVAPVL,71,TRUE
AP02268,MVQTVKFVCVIIIFISLFLAAMIVEGRVKYKEDYGGQNKWNEFPLKPHIRTYRIKCKDDSGCEGNNLCEGRWIPKCLKPYFLFLTTKEGFCACV,94,TRUE
AP02218,MTIFLFLLLNPNCRKDSHCPKNMCPSYLVLLPIFFKCHFWRKFLFLFNCFKVQCNIKCYFINIILSYLLRREKYMK,76,TRUE
AP01231,MRFIHYKGIKSYFICYMQMEKNMTKTLKFIYVMILFLSLFLVAESFFVDIMCKVHEDCPQKSTHKYYCVDDKCFLYYWEGKP,82,TRUE
AP00206,MAEIVKFVYLMIIFLSTFLVSTKILEKHKCVTDGVEILEKGKCFTDWECVRNSWLCPVDLVVRCIKETCKCIKILEPINVVPT,83,TRUE
AP00425,MTVNHFLSFLNFLLNFVNNISSHYSYIILFSLFITTDDSCYNDYHCINKSWLCPSGLVVRCITRQCKCITILNPIDFVST,80,TRUE
AP02374,MAKIVKFVYVTIIFLYMFHVSTNIEGDELHTFFILRARLMACTYETLSQMGPLEIQ,56,TRUE
AP00973,MAKTLKIFYAMLLFLFRLLIVKEVSGKSKLYFHCFKFPFSSKFYRHICHNNRCKIVMFMPPNV,63,TRUE
AP02498,MRKGYTAKRLYEYETQDITQTLYKEE,26,TRUE
AP01517,MDGHAAFSDEKEPKPSKACLRISDTWPHGRCYHSAVCNHFCQKVENAISGQCVFFFKKCQCQFCDEEEEKLST,73,TRUE
AP01309,MVKIAKFLYVLIISLSLFLFAITVDGAYVTRFWCYRDLDCRKDMCKPPFNPRCHNHICICRLWGLYEK,68,TRUE
AP00829,MTSQSNQSAYIMGVLCITLILISGFVTSLRIPTLDSTCVVLQRKETRKACCVEDCSPNCDADCKSRGFPIGGSCDPRTGNELCCCFME,88,TRUE
AP01315,MTRIVKFIFISIFLVAMSNPNFNPGDPFLDVLNFLNYFIHNIFSHLNNTLSFSFFITTGRKCKQNSDCSKEICVFPWKPTCVEPYFLMILIKRYNYCTCT,100,TRUE
AP00888,MDLISVYPPKIQQVLRLYESYQVTEQLESHKHMNDAPMKPKVDFLRKEINFMWRGDQFSVKTQKRCKEDFDCRIRSCAYPLIPVCIDPFCRCRRASI,97,TRUE
AP00753,MGKIIKFVNLSILFIFMFLVVVDVNAERTCKEDFDCRMRYCVYPTIPLCDVKHCRCRRPPNL,62,TRUE
AP02765,MASYTNQSYLFGIFCIFFIISSGLATSVVNPPSTVCTIPCDKNCTKDCRDKGFKRGRCVDTYVKRGICCCFYS,73,TRUE
AP01635,MQIGRKKKGETPKLVYVIILFLSIFLCTNSSFSQMINFSGCKRDKDCPQFRGVNIRCRSGFCTPIDS,67,TRUE
AP00382,MVTESVILTPNARKNFLALMHIICGAIMEIV,31,TRUE
AP00115,MVSFLDFFLSPTLATKVRRLVSRTDKPNPKPQPSKSPLTIADRDFPRGHNY,51,TRUE
AP00341,MAKVLKLVNVMIIFLALVLVAMNVNVTYFCFFFIIADVINCTQDSDCQSIGCLSHLKPKCTMLGFFFNAFVGICECDQVM,80,TRUE
AP01295,MNFQKTYWAWRKYGYYKCSTQVDCPASRKVEKCKTQENTYIVTYEGEHNHANL,53,TRUE
AP01902,MYVYYIQMGKNMAQRFMFIYALIIFLSQFFVVINTSDIPNNSNRNSPKEDVFCNSNDDCPTILYYVSKCVYNFCEYW,77,TRUE
AP02488,MEVNIRVEFGEYMIENGVEKGSPKRNRSTTAILLSPLFAGRLVGGEKGPYSIPLSVLLPDNIYLHKLDKEIGRIREKYEISRIRSVLLRT,90,TRUE
AP00224,MNHILMFVYAFIIVISQIYRDGIPCVFDYNCPEISYYPVRCNVNNICEYNLNVDLVEEIE,60,TRUE
AP00727,MLRRKNTVQILMFVSALIIYIFLFLVITSSANIPCNSDSDCPWKIYYTYRCNDGFCVYKSIDPSTIPQYMTDLIFPR,77,TRUE
AP00547,MAQILFYVCAFIILFSPLIAQRIVGMSLFTPFFYFNLYYSQNFITLYYCYALR,53,TRUE
AP01696,MQRMEHTTKIQFCVYVLIIFLSLFLVVTNGDKPRYTPRNAVKIAECVSYTDCQGGCPACYMRLTWFFKYILFFLSVHGLPSRNS,84,TRUE
AP01356,MFVHDLIICIYLFIVITTRSMSHFTPFFNFPNLFYRIFYHLLVTFFIFFYNAETDIRCRFYYDCPRLEYHFCECIEDFCAYIRLN,85,TRUE
AP02277,MVVRGGFNGAGRMVCGGRSRFGFRSCGGYLLQSSELWGFQFLVGKITQFSLNLISVEIPETPCESDAECPYYSPSLYARCIDGFCTLFLS,90,TRUE
AP02880,MNQIPMFGYTLIIFFSLFPVITNGGIYISFLFFDNIADRIPCVTNGDCPVMRLPLYMRCITYSCELFFDGPNLCAVERI,79,TRUE
AP02219,MTAIFKFVYAMTFFISLFLALVHVDGARFGIKDEFKEAINNYAIYNMTCLKRFKN,55,TRUE
AP02247,MRRQISIHLLFLFAWLLHSITSMPMFRLINQVKEKKSCKIPSGPSSKGNQHPPTKP,56,TRUE
AP00389,MAEILKFVYIVILFISILLVVETEQCVYDADCEKIYPLHRQHLFKCIKAFCVRLGRQNQVEEVHVAKDGVFPSTVHAADATGVDAKGRKDLS,92,TRUE
AP01323,MQMTENIVEAFKSVYVMIIFLSLFLLSTNIDAAECYQDSDCPEDMCSYLAKPTCIFTEYFPIFWMAVCGCD,71,TRUE
AP02162,MKISCLTLCIMVVVLLAKTKLSMGINMQRTKAFLCQYLKDPNLKKLVSSPNAIKVADACGSPFPIC,66,TRUE
AP02064,MGETLKFVYTMSIFLSLFLVVTSIVGEEWNSHSWNSEFYLKKSCSSDFDCPRTMCIKLSLARCFNDFCHCY,71,TRUE
AP02763,MARILKNVYTIIHFLIINFLLLFHVLNVRRQTEPPGPLIPCEFDYDCPLIDCIRTSDSRCINGNCHCRE,69,TRUE
AP02584,MAKLITVLSIFLIVLIFKCNSLMPFSTIHCKSIITDMMGECKPYYMDQNSQPYDSCCSAFLTVAFVILNWKKSTIYLSMPQTRPTCLLLVEYPSPVKVNN,100,TRUE
AP01283,MYKVVESIFIRYMHRKPNMTKFFKFVYTMFILISLFLVVTNANANNCTDTSDCSSNHCSYEGVSLCMNGQCICIYE,76,TRUE
AP02211,MAKISTLIFLLLLFICITGKSTSVEARTPVKCSENIDCKPFCNQAFLSCCAFGQCICEACPPPLNHVPIIQSNYRSK,77,TRUE
AP00105,MDARKTSTAKFAILLIFVIFASDMCKKSAARGPIVTFWCQTNDACEHRFPNHGYKCINHLCQPPKISHNDLQFIST,76,TRUE
AP01963,MTHTQKFFMAALMVVLLLFSIGMHKTECRDLVHLKCLGPGSCPIAETCDTVCKGRHFTKGECTPRDLGEIECCCQL,76,TRUE
AP02120,MIIQFSIYYMQRRKLNMVEILKFSHALIIFLFLSALVTNANIFFCSTDEDCTWNLCRQPWVQKCRLHMCSCEKN,74,TRUE
AP01555,MQGEKIMAIISKIIYPLTIFISLLLIETIRRLQCKHDSDCQKDMCRSPEIAKCVYFVCECV,61,TRUE
AP02259,MANQISNFISFFVILVLVASGWNISLQQVEGRPACSTPLGACGPAGYCARRCKDLHKEDGEGSCNFGLCVCIHGCP,76,TRUE
AP01454,MSNTLMFVITFIVLVTLFLGPKNVYAFQPCVTTADCMKTLKTDENIWYECINDFCIPFPIPKGRK,65,TRUE
AP00429,MAKLLTFVYVMIYFLSLFLVTKGAHVECHNDSACEKTVKCMLPRIPRCIKYQCLCGYSDDPGNRWSTRPKRIQKGSTERKGFLY,84,TRUE
AP00182,MSQILTFVYAMILFISIFLVAAEVDWIYHLCDTDTDCPEHWSKFFIYKCVNHVCDSISKVTTDSKEYKNFP,71,TRUE
AP02188,MIKILTFLYALVLFLSLFIFSIAAQNLMKCNTDDECPKFDDKFPLSFKCINDGCRMVINDKYKHKTVQKLL,71,TRUE
AP02621,MTGVLKFVYTMVFFLSLFLIAIDIKVEAFLRCDFDLDCPPKMCYSHLYFVPMCVDNHCDCTQWKDIIPTIP,71,TRUE
AP00144,MAKTCKLVFALILFVSLYLVSMSAELGGPCRSDEECPQLSLRFFAIKCRENVCIYVDLDPYKPRAEKNQFLH,72,TRUE
AP01005,MTTTLKFVYAIILFISLFLHALNAAENIECEVDADCPKSQVNSFVIKCIKNLCLYTKIHILYDTISKSESTLPQKKKKSNSTLTYFKEE,89,TRUE
AP00155,MHNIYKVWIRTLNTTKKTNEFSMFTGEEWCPNIAIWSYIIECKTDNDCPISQLKIYAWKCVKNGCHLFDVIPMMYE,76,TRUE
AP01824,MVTVSHFFLPFSNFFLYLYIIIYQNLVTLLYSSFFPFITGNIKYCFIDTDCPRSMCHYPEIVRCVDQCKCVRIMP,75,TRUE
AP00248,MVQILKFVCVMILFISLFLIATKFGVARDKCQIDADCPKSGNLFYIYKLVRSTGSITYLIKKFFERRDVKTKEHRDSS,78,TRUE
AP00497,MATNIKSLSFILAIMCLTSIIASGERVNDLINSFNRVCSSFVGCPGSDSDCCNLCAKSGYHGECEGSKCCCDGFLTSMQHSTLAICS,87,TRUE
AP02841,MASNINSLHIAFAILFTTLVLASGGNGFTNNIVKDDCIVLGRCRSIRWCSWNCASYGRSNSLCEDGQCLCCA,72,TRUE
AP00849,MIFYHVLITLFCYLFFITIQFLPSPCETDDDCQEEIGVRKICIREVCRYFAKIH,54,TRUE
AP00492,MNKISALFFMALLLSCMPFHSSRTEPSFQKEYLVATHNPDKAKLKEITNPKKSKYKISRSKMSCSVKLLKSALETPPKSTLKK,83,TRUE
AP00599,MAEILKDFYAMNLFIFLIILPAKIRGEVFQRVTDDGCPKPVNHLRVVKCIEHICEYGYNYRPDFASQIPESTKMPRKRE,79,TRUE
AP00417,MTTILKFAYIMIICLFLFLLHVAAQKDLIILWFTEVFTCQRDEDCKVACATYGGDPWCFRNVCFCKHYNEGGTLHAELH,79,TRUE
AP00361,MERKTLASLCFFLIFLLAARNETPNQHFRGACIGSSRKQECDYGCRRGVGWRGGYCKKQKCVCDCTCIGACINYDHLLHK,80,TRUE
AP02226,MKSTSGRLSVRKSRDKKVVSLGDIRVNSPGDRRKDGDIVVCSRYASVNDNVLMTTSVIDYFHVLVKLHLSALMVGANAYSS,81,TRUE
AP02692,MDEILKLVYRVIFFVFLYLVISDSQRTCSNFLECYKIYGIPLDGVWRCVKGFCELLIDFNTYKVREVAIVRGENIN,76,TRUE
AP00494,MKQGQSRKIVLLIAFLVLCCFSSFLLGAYARNLRIDSFEFHARHTGNGGVKHEDYVVSTMDYAAVKRKPPIHN,73,TRUE
AP01364,MAEIVKFVYVMIILFYVFLVSMNIDAFDGHGGPPCTKVSDCPPNLVCKPGYKLGCSANYQCICYMKMSF,69,TRUE
AP02516,MYTSKKVGKMYYLSVIASFLVVITLTMAVNITGLNPKQKEAGQKPNRIPGIPHIQPPNIFRRPPPMS,67,TRUE
AP01620,MDTARKYSLIMTFLLAFFIITSDMHTKTQARGVTVENIRCKSDRDCVGRMTCNPDRDVKCIGKQCECIAIHSTNFYK,77,TRUE
AP00964,MKEILKFFYSMILFVSLFIYCCNQCLCNISVFLFLIAGKCISHMHCIYLSCGFPQLTYCLQNECYCLNM,69,TRUE
AP01614,MDKIAKFLYVMLILISPFIVAMSNGTICDGDHDCSRNVCSHPQQVWCIFITRVVPRLRRMGLCSCSSKLAP,71,TRUE
AP01001,MVKTFNFVCTMVLLFFLFLTAKKVYVTIFCYLFFVTAYHLCKTRFDCPRTYLLFFPRMWKCINRRCRYVYFFE,73,TRUE
AP00589,METSRNSSLLVTFLLAFLIIASDICMESQAKSVTDEIVVCSSTKDCRDKNYPCPSPLVLDCVANVCTCIHLQPTFTNEIHAPKPSVTN,88,TRUE
AP00493,MATRINHLHFTLAIMCLAFVVIAAKNVVKNPGPCFVMGACSVPDDSKCHQFCLKSKGIDAGKCAKNNADSTCCCNNIG,78,TRUE
AP00271,MATYVNLLLFTFAIVCIASYVIPGGVAEYIFCIPMETCPGSDDLCATSCKARGHPQGGGCLKVLRACCCFG,71,TRUE
AP02723,MAIIKFIYTMFLFIFLFVIPTKVDGRITHETLRNMPLPGSKPIPILRGECISDAECKHPECDNCRGICLNSRCVCMMRLGWTYTTPQN,88,TRUE
AP00548,MAQFLIFVYALIIFLFPFLIEASTFRLTFFFLIVNAVNIRCVTVDDCPKVIKPLLMWCINKYCQYYFSEIP,71,TRUE
AP02682,MKKHFSYGIVYAIVVVAIVFLGEETYMAKALTCTPVEFSPCLGSITTSSPPTSACCQKLREQRPCLCGYLKNPSLKKYIYSPGARRVASSCGVPFPTC,98,TRUE
AP01524,MARIFNLIYVMVLFLSLFIILTNGDVKCDTDDDCRDYLCARPTVGKCIYDYCHCIVMITIDEKLSHQSGINKVVRENGHVSIDPTIKEIKLRENIL,96,TRUE
AP02520,MAQIYMFVYVLIIFLSLFLVIINCRFELKTSSKEKKIEKSTKRQKKEITRLQLAMASSKGEQFQNATKITRHQLAMASRRRAYSPWRMEGLARRVRAV,98,TRUE
AP00400,MLSFSFVLFILYAIFYPFCNISLFLFNITEECKSASDCYTIYRRAFYGSMRCVKGFCKHLKDVKVMKFLHYV,72,TRUE
AP02639,MTKIVVFIYVVILLLTIFHVSAKKKRYIECETHEDCSQVFMPPFVMRCVIHECKIFNGEHLRY,63,TRUE
AP00863,MAKIMKFVYNMIPFLSIFIITLQVNGVVVCEIDADCPQICMPPYEVRCVNHRCGWVNTDDSLFLTQEFTRSKQYIIS,77,TRUE
AP00840,MTKILMLFYAMIVFHSIFLVAYECSTDADCEYILCLFPIIKRCIHNHCKCVPMGSIEPMSTIPNGVHKFHIINN,74,TRUE
AP02694,MQKEKSMARILYFFFAFLIFVSLFMVATNESIPEVLPCLFSNECPPDLCPIDLFPKCINLSCQCSAEFYNID,72,TRUE
AP01602,MAETLKIVYIVILLVSLCLVVVDGISIYVRCASTNECYTTFKFAPLGSMRCVEGYCKHLKDFKVTQFLYCV,71,TRUE
AP01300,MQMGESMAKIVKFVYFVIIFASPFVVANHEISGWITELPFGMCTSILDCPMDSCTHPQQPWCELHGVPILYHGSEIGLCICI,82,TRUE
AP01774,MVEIHNFIYAMILLVFMFIVVVDSWSWGLTTECVTELDCYKKYRLPAEKKMKCIRGSCYRVRE,63,TRUE
AP01520,MFDPILVTSFYYLLFFLTAVTYCTQNYDCPDDMCPFPDISWCNKHNICACA,51,TRUE
AP00527,MIQDKKNKREEEGGGEEEEEEEEEEEEEEEEEEEEEEEEEEEEEGKRGRGKLTFLSLRSIGRTLEVKVVHHVRKHLVIFFGYAVAP,86,TRUE
AP01790,MASRLHQLFLLFCILCIALVLVPAATETFQEPPGMTNCGETTCAKGDGVCYKSCIEEGFNRGGECLFHNNHEDEICCCYKNESSFSPNYNLN,92,TRUE
AP02343,MIKIVKFDYAIIIFISLLVVAMDVDAGPIRICSSDDDCIGYWCPLSIQPRSTKPICRLVESISKRSRTPVGLCTCI,76,TRUE
AP02822,MGSKYSLVLLLLGMIMLTTVVGERNSNNFRHSPMLDPEDDWPEIFHEQLPSNYKISKRSHQITRQTCQMKPSTTSFEPVHIAKISYHYK,89,TRUE
AP01345,MASTYSLVLLLLGTMVVTTVVGARRSNMFGYPDYYPFELEEDWFDVHSNPSDIRVGGRPIILARPPPLVDLEEKFYDLDSDLH,83,TRUE
AP02854,MFLVIRVSDSIPYVNIGPCVKDKDRRKVPQYNIKCRNGECVRIRS,45,TRUE
AP01467,MSMGVSRSFLFGILCIVLVLASGPVLAGPTIGLDSYEVDCNGHGPCERCDERCIEHGYKHGGPTTISKMVSEPLQDTLGQLLAGFRYWAIPYMSTNQA,98,TRUE
AP02112,MAFSFYQSFLFLILCIALVLPSGLAITKDPNAQCVASCVLLPKQCPIFCKTRGYKRGGQCQFYGKLNLCCCFQNPP,76,TRUE
AP00537,MASHVYQSSLQWILCFLFVFALLSGFATSSRGGTPGLSCRRKCINNQECNQYCNKHGFGRGGYCYCMGTTLGAAECPVPGQVKLCCCH,88,TRUE
AP01448,MAEIFKFFYTIVILVSLFFVIANSRGIRPGRECVSDYDCYIKYTILWKYNNVCTKGVCYTLLDAVHP,67,TRUE
AP01314,MVSITHNHSICWCTKTNNYKQEAKEKASHDDCAGAEIFFDGESKLEQTCSEDFECYIKNPHVPFGHLRCFEGFCQQLNGPA,81,TRUE
AP00208,MATILKFVYLIILLIYPLLVVTEESHYMKFSICKDDTDCPTLFCVLPNVPKCIGSKCHCKLMEHKHIQDKSCFICLLLQYMENESVIADI,90,TRUE
AP02726,MTKSEMQNDISMVMIVVMIVLVFAQANNSSPRRKLISDFARCFFNCFGDGCDDHVHYIPPVYGWCLGDCTLKCP,74,TRUE
AP00669,MQKRRNMAAILKFVYIMIIYLFVLLVAVKGYSFEECKEDADCHPVCSVPGCSNICTLPDVPTCIDNNCFCI,71,TRUE
AP01786,MDLKMKVVLLLFFLGLATTTKSTGCCDNCTCTRSLPPDCTCDDVKPFCHSDCKSCRCFESLPLKCTCLDITEFCYEPCNNSTIIAN,86,TRUE
AP00326,MAVTEMKKGITVIMMMLMVIFVVNQVSDATQSIDACKYDCGLCEQNCVDACFSGGCIVECKERNCPCCLRSSLHAQND,78,TRUE
AP01368,MAFSYSRIILFKVLLYVLIIFNIFVTPQSGGVDCRPLSLNYYQWSWDHGLILQSLPNGNAPGSGGGDPTHP,71,TRUE
AP02356,MAEIFKFFYALIIFISLILSVANAGKSLFSDISNFHIYHIIIIHNHSFLLVTFFYFYFNSDPMYCFNDDDCRELKCSHPRVRKCRMFLCRCEEVDKEDEK,100,TRUE
AP00783,MMVVGYAFDCEEAKTSILPCIGYLIGEDDHPSIACCNGVKDLKSSVPTKGDRHKACECLKKTSSHFHNIRDDLNALLPKRCGVDLNFTINKSIKCDQIP,99,TRUE
AP01886,MERKSIVSICFFLVILLTSQKQVVHIEAYCEKQSRNFIGQCLGLIGDKLCYIICVTKENSISGSCQHLRCICSHAC,76,TRUE
AP00637,MSYDRSQTHVGCKLYIVFLFICLSVLLISASEAKEKNCRVKHHTNVEHTNGCDKSNCNEVCINKDHATYGYCVPSIPYFSFCFCYFC,87,TRUE
AP00563,MGVFVLNKKLTFLIFYIYCVEVEEDICKIMPLTISKYACDKSACNLVCMKMMHATYGDCFPVSSMISFCVCYFKC,75,TRUE
AP02631,MLYLHIETMSFFASNVYIVFMFLNLILLLLSTCEVEAEVCRKKSITWLGLCINNLSCSTTCVSEHALYGACQEFSSSFIHFFLLWIDSCIAWLLDGGVDI,100,TRUE
AP01815,MDFMFLKKFTLLFLLISGSLLTTSFAGRASNFIRISNEDVNAVHEVTTKMAMNEEEVRSIHERLLRANTKDYGRYDPSPTFSKPPFKLIPN,91,TRUE
AP00180,MGDIIKVVFAMIIYLYMLTIVTNAVTICDSDQDCRRYRCDPPEYPRCLGILCKCVYVSG,59,TRUE
AP02646,MTMRFNHLCFTFAIICIVFVMVAGFQDLPHSKKSKCFLSYQCPKNDEACKNSCIAHGFPKGGKCKPNSISCCCNGD,76,TRUE
AP00583,MQRGKNIAQIVKFFYVIVISLFLILVAMNGGYLFECTTDYDCRDVWYCSDTQVAKCYVRSRFLSKGKCLCVK,72,TRUE
AP00407,MFFYAFIIFLSAPLPSVRSDFPCKTKADCLQHIYYIVECIFGFCQYFKPLKHSV,54,TRUE
AP01355,MSYLISMLVLLLAIITLTTVAGNINPKYESARSNGFISYQPPTTDTQKLVGLDYRRRRHAPPPPPQYRPRINYPGTPHQQPHRHQLRPPPKM,92,TRUE
AP01634,MTKAIKFVYIMILFLPPILVGAGEIPYHQCKFDMECMLMKCVPGKVNVCSLGRCYCVNS,59,TRUE
AP00142,MSKFLKFIYVIIILSFLFYVERGVSSASPFYCVDDDYFCFGLCLPPMIDHCTLRGQCICITISTEVES,68,TRUE
AP02424,MALQFLSIRTIFLFLLVLVATEMGSIMVVEARKCLSQSHSFKGLCLSDQNCATVCLTEGFTDGRCRGFRQRCFCSKPCLKV,81,TRUE
AP00641,MVELVKFVYVMITLLSIVVVAKNSQVTFFYFYFLITTGNKENICFKDADCPQDICSYPFKPKCNIYGYCSC,71,TRUE
AP00445,MTKILMIGYALMIFIFLSIAVSITGILTLHNILSDISGNLARASRKKPVDVIPCIYDHDCPRKLYFLERCVGRVCKYL,78,TRUE
AP02154,MEMLKWRSFTLISFYLIYLFTCYNVSATSAQIMSNTKLDDLGEIIDICGLPLCGKGKCQQQPGLFNFTCDCDSGWKTLKVGPIESCVLPNCE,92,TRUE
AP01556,LDTRYVKVEVEHQNETEVALAPAPGEGCYAAVNRQVPSSPDPLHNR,46,TRUE
AP01516,MSYYLSSLLVLFLAVISLTNARNYSPPSGIPHIHSPSPPLFIFKKRVLLFLSKSKPPTIGVPDVPHIPRPPRGTRPPLRCKNYELTTRKQRSVLLYSNLN,100,TRUE
AP02222,MENTKRLQIICVLILFLVLQQEVVIVQGRHLRSKLCRDCTKPHKRSIAHHGGKSSRRVGYEVDDFRPTSPGHSPGVGHSIHN,82,TRUE
AP00270,MSIFPCILFNRLIFNNNILLIVGRAINRLPPFESCDVAPGCFIDKCIDKCLKNGFPGGGSCIGSLPNRICCCNT,74,TRUE
AP00344,MVAVTKLINVMLIFLTLFLGALSIFPEHNECRTSFDCRKYFCQLPLRPTCNYVEIFRHYYDTTCGCA,67,TRUE
AP02075,KTCNYSSECLFHNCPLGWVMKCFTYFCACS,30,TRUE
AP02825,IYHNLYYFLDAKSEKNMAESPKFVYVLILFISIFNAIIVCDFAFLPTSRNCITNKDCRQVRNYIARCRKGQCLQSPVR,78,TRUE
AP01147,AIFSLFSILLNYFVVHTHSFYLILLTFFYSLFHYNKKGCEVDGDCPKVFKLNVHDFIYKCINNKCVRVYYPKPVPMPDFFF,81,TRUE
AP00424,MAGLVILFLRPLQSGLLLMTESGSSCYMEKLCSTPFYVSEVICLHLRGFWKADF,54,TRUE
AP02873,MEASMIRKCLVMMLMVMFVVAKVKCITPSQEFELSKNKIPSLCELKCDALCIGHKIIGTFDKCVEDCKKTRCDGAVYLHAFVDLSLESWQQC,92,TRUE
AP00502,MVVIMKRKGFAMILMIMLVVTQVECITPSQEFVSIKQKGFCERIYEVIFCKYVCYTARNIRELRLDVCIVDCVKENCEAPVETNIVMTLT,90,TRUE
AP01719,MRTTLGQCAYMYMESEAWILYCKIDKDCHKPQIIKELDCPTQQPPVCFNNECACDPNPPKQIV,63,TRUE
AP01475,MSYFFIVFNSLQNISSHFSYIFFFHFIPALRLRCVHVSKCPKMYCNRGFELGCVQKYCKCVRIT,64,TRUE
AP01450,FYFFYFFFLPDRMAPVVELQQSCDVGSNEYTCCITGCTIYCHQNCIFFGYRSGAFCKDTLGGKLKMCCCYK,71,TRUE
AP02869,MTKFLKLVYASIFLLYLILGLRDGASQTHECISSRVMRCTENGCRCEGANGSHGCIPPGVLKCTQDGCRCEGARGTYECIPPEVLKCTRDGCHCG,95,TRUE
AP01951,MEASLKMVVMLFAVLCTMFGGVQGNEIVHGNVKKVCIPFGPCPPPPIPAICCFRRPPPAKATNP,64,TRUE
AP00118,MHRLQLQSEKIVVSHNTTNTQNMRMESQAARVTDELHYTCNSVKDCYRQHYHCPSGLIVICAVHHCSCIH,70,TRUE
AP01319,MKPRKHYSNSGSFVWEHTDKFCNKTLPRLDSNCDHADQDCDQIFLERFGKNSQPHDCKCQTDPTNVYHSCSCNVVC,76,TRUE
AP02859,MALITRSVSCKTKSECPRYICLPPLTRECINHVCDCIFISKWH,43,TRUE
AP01331,MTAILKKFINAVFLFIVLFLATTNVEDKEKTCKALEDADVAHKKFLEEVKSSVEGKKMNAKLA,63,TRUE
AP01267,MLYLGFVYTVVVFVSLYFVVVDRQSKLILIFLFSYLIHNISFNFNNICLFLFYNTGTCYTFVHCYIKNGWPFKGVWRCNKGFCELVI,87,TRUE
AP02086,MKKLTRFLIFVFMVSVIQFSLIHGRKLCDTKEKLETLALMLPKGFVPPSGPSPDID,56,TRUE
AP00017,MPIIKVACVILVMFMVVKPNLSSNLGPCIDFLAGADEPMQQCCDAVITIDAEATTALDRKDTMVLHSLPNVVLSLPTRLVPLPIVISM,88,TRUE
AP01917,MSTAEAEYILAASCCTQLLWMKHQLEDYQINANSIPIIEIKHHFIRDYVQKGILDIQFIDIEHQWADIFTKPLTVERFEFIKKNLNMHFVSD,92,TRUE
AP02164,MRNLSIIFSNLSLFLFYITEECVTDADCENLYYGNKWPLICSNIGYCLSSYEGKIYLSSISKTFIFFTCYNVVTPIICLKLTYISSILKFM,91,TRUE
AP02041,MDIFLSQPINTVLAILLVLLYNIWKIKKPSNKFKGMKPPEPLFALPLIGACPALIISNQNAIKQCFTTNDKILASKPK,78,TRUE
AP02033,MMNSTSKRQTVRRSRGENVVSSGDVGVYSPVDSGKRIGGENRHRQCVDDHDCYKIFSCPREIAFKCVNGWCKCTL,75,TRUE
AP02301,MIPQQGVQSQVPNQYHFYPIFFLVLTIFILLFRLTNLIYIFSFEGGFGKCVRDADCVDEVCSPGCNKRCVGFECQCPL,78,TRUE
AP02061,MDRNRIKFKKLTLGFMSEYLQRFIYFLIIFLSLFLGEAAFERTETMLTTYAIPCVSNGDCPTRLNLIIQSVLMVFVGYIFA,81,TRUE
AP02385,MGVRRCVVRPLMRRLISRLVAVFVNFILKDLHQSITNSTNDLNVNVANPEACVHSINNKEYWFKIEKADNDYVLSFCPLFLYVVCFARKKQ,91,TRUE
AP00080,MASVKLAPFVVFLLAAFCMVRGWCPSPRQGRPSGSKSTYKDSNFVRHPLLVISNLRNSHKVLSNL,65,TRUE
AP02579,MKLGRSIILFVVALFVLFSLTYGSEFCHIIFFFIFLFFFFFLCCRCSAPRHEFLSQSSKGIVWSLSRQLFF,71,TRUE
AP02630,MNLSPKDTNSFPRALLLVLQDSHYEPLNLTQEPSTFKVQGNICHRKSRTWSSGPCLDTEKCKNQCINVEHATFGACHTDGLSFDACFCSFNC,92,TRUE
AP00390,MLSSLLWLSSCSPYSMCIDSNFNFLCIEARECPSFGTVCSILRSNSCGNIIEYICIPHWIHGGICK,66,TRUE
AP00312,MTEILKFIFVIIILFLSISLVSADFDLHNDSYDYLYEFQECEVDNDCPQDPLPMKCINYICVVHNEEPSDNL,72,TRUE
AP02309,MAKFVIVVCSVIIFLSSFLVAENSQPCNLSVTDTRDICPPGTTLQFVYKVCRCYPMKWRLDHVLT,65,TRUE
AP00220,MKKSIVKISIFVYVIFFLYLFIFATNINAISECEEDIDCPRTWCFGQFFVKCITNECICVHEDRLLPRIPWDPWIPMI,78,TRUE
AP01704,MTFLIFLFLFITDTAGECITFLDCLHLPCMPTETQLCVDKKCICMGLTVKSKNNYIT,57,TRUE
AP00598,MAKIITIIQIFTIIMLFIFVIVTDASYPCKIHRDCTTITCSYPLVPRCLIQKCYCGFN,58,TRUE
AP01511,MAIILEFIYIVVLFFSPCLLVTDAYNITCNSALDCASNRCILPGMPICVTNKCLCDNLAEQHKMNA,66,TRUE
AP02320,MTKMLKLVYFMILFVFIFFLVRVVNSDFLYPCLEDFKHLCQRNCPDDMIGVCSNLHCHCMKVNPSWILIMKIYFYMENNNVTTFLKKKKKKKNVTT,96,TRUE
AP02146,MNNMVETCKYFYVVILFLFIFIMATDGVYLCEDDEDCHIMPCMVPEYAKCIRMICQCC,58,TRUE
AP01793,MQIGKNMVETPKLDYVIIFFFLYFFFRQMIILRLNTTFRPLNFKMLRFWGQNRNIMKHRGQKVHFSLILSDCKTNKDCPKLRRANVRCRKSYCVPI,96,TRUE
AP01285,MAHILMFTYVLIIFLFSFRSMTFLTQCKFSCKTIFNCPALVYHQHASCLDGFCWYEEKFEDE,62,TRUE
AP02178,MATVARPRRRASGYDEADPIQPPSDLFTPAVISFLNQARITAASANPHAEITDGKVHCIYDLLQTLFILNSSFTSLTEQFEELCSSVFM,89,TRUE
AP00587,MRWYMAHGMAQPKRTRGNHDDGRTTTSPGKWVRRGRLNPAPADLFTPTVISSLSQARITVAGTNPRIEITGGEMLRISDIFSHCTIVILFSPSDRAI,97,TRUE
AP02391,MAMKNTSHVLLLSLLLCLMFVIGLVEASIPDDDMGPAIYTPPSGSCGAPISKYDFQVLAKRPPPCRRPRLENTEDVTHTTRP,82,TRUE
AP01172,MGLMSPNIAAFVLPMLLVLFTISSQVEVVESTGRKLSWAFNGAPIVFTPPSSSCGGSPAAVMASEWMPRRPCRRTRPPGTNIPVSQSP,88,TRUE
AP00526,MKMAKAAATNDFGFITCLVIFLVLAGISNGMRMTQKVSCIEGRTLWARPPKFFYCSSTLCEDNCINTGAYRGGTCDMEDEVAICRCHRCKKII,93,TRUE
AP01529,MSNLRLTIAVFLAALFQTLWWKPRGKRPQSNFHAKRIRTVLQTLLVMLCTDYRCDKGLCKCHGFGGEKENPTAAPLTA,78,TRUE
AP00817,MNNLRVIMSVLLAVLVFTATVSESAEEMGKGEVTISLRCKTKTECLKNIACEACVDCRCDKGICKCHGFTAETNNPTV,78,TRUE
AP00884,MTNLYFKTAFLLSLLLLSFSCKINLEEGNIKRIDVNHGGICDTYLECGGLACSDYRRACCVNGKCVCRKQGQTLPDCPN,79,TRUE
AP00004,MASRATSLFIFFFLISCTFMLLETNASKNKSRSDLPLCGFREHCDGLWCPGEGGKYSCINWSCNFIEDCEKRIRCEKTGPCCFDGLCDCTNF,92,TRUE
AP02704,QIGLGSVQFEHDILVFFFLICVIRCNDGEYSDRGRSNFPPCKTNKDCKYLHCSSETPLCVWRQYTCTISSTHQAKFD,77,TRUE
AP00199,MVAEFYMVAEARGPLVSRWCRTVNHCTKCECLNNFCTCTGRLPPATALTPASQPSPLL,58,TRUE
AP01746,MLRFVLVYIPVSVVSHTLCISLFIICSTRHTCFSKRYTCLLNICFCFFISSRIRNYF,57,TRUE
AP02058,MEKVTSIFFVLLLISSCLILRSQGQFRCKSVAECDSRGCRVGTHVICNEHHICTCAHGSPIGGQCDGVEDCDLSGCPPNSHVICDRIGGNFCTCVPN,97,TRUE
AP02081,YCFLLDNLFEGMTMTESKRCHKDSDCKNKVPCAIPVACLYGGCVCTLKQSFSACKLMCAQQGKNTINRFDSDHCVCGVK,79,TRUE
AP00073,MKILAFFIFVLLIFSCSSSMIMGVHYHEYRCHDWVDCAIWCKQWVPQPKCINRVCDCKPKSLPTNEEVPQSAYSSNSNY,79,TRUE
AP00898,MKSNKVTFFLGLFLVSAFCVRLTENMCFKDDDCINQGEWCPVLRVCSYAECICPWGTRSKLPSCQIICAHLDKKSVNSYNPCGCNYK,87,TRUE
AP00559,MEKISAFFVILFLVSSCLVTMSVGDICQTDRDCVEIGIPRCKRTGKMPICYNGYCCCICSAKRLPASTTRKPPSPSTSKLV,81,TRUE
AP00931,MSCFSFLVYFLLFIVTKMSQSPLSQSSHEFTVVSPYLSCFGIEECLFYLYFKLYDLCVILLCTWFDLSE,69,TRUE
AP00136,MIYFYKITIISYTLISLCVIYFIEIVKTITTKDCLKLKVMHSFTCRYKFCFVLLSQENKN,60,TRUE
512,MATINVYVFAFIFLLTISVGSIEGRKLTKFTVTTSEEIRAGGSVLSSSPPTEPLESPPSHGVDTFRPTEPGHSPGIGHSVHN,82,TRUE
